ds,yhat,yhat_lower,yhat_upper,y
2020-02-08,29037.441964180616,-112238.09273347077,181522.03568592333,535.0
2020-02-09,15605.873595794328,-137074.70065057147,166475.76466115148,798.0
2020-02-10,277.8823109953664,-157241.83756370193,144029.1740137006,1170.0
2020-02-11,-8720.613641765493,-155932.01878116748,145493.96373670085,1572.0
2020-02-12,-11106.104777681438,-153314.47713715024,135303.1520299605,2068.0
2020-02-13,-9591.588752493204,-160843.22643663766,141284.9762049597,2547.0
2020-02-14,-5852.998339936399,-165303.15592589468,141423.6417031517,3046.0
2020-02-15,-6227.942090836703,-143425.5237230136,142036.13662020717,3170.0
2020-02-16,-9003.782045015192,-145770.8310028048,127526.6571247822,3185.0
2020-02-17,-14715.290900703374,-154944.6851976915,126155.97631963537,3184.0
2020-02-18,-15226.215731838136,-165825.11801263,131339.02212436948,2859.0
2020-02-19,-10314.730058161105,-158837.43789549824,126347.44658306256,2683.0
2020-02-20,-2726.913637478283,-142881.46999957497,143412.87489191646,2341.0
2020-02-21,5856.730821331672,-136748.06049973762,146351.85373153698,2086.0
2020-02-22,9121.747251438617,-132927.7555634794,158684.47174750024,1960.0
2020-02-23,8830.182784116158,-135066.7640273813,152693.68924505558,1953.0
2020-02-24,4520.832242467615,-144123.22881645904,146636.16307158011,1959.0
2020-02-25,4425.003762770968,-154789.6167833674,154612.82272977204,2208.0
2020-02-26,8877.899432118866,-130821.26610222398,153064.72100198644,3067.0
2020-02-27,15261.560533635668,-127854.17535813012,167952.77265259862,4281.0
2020-02-28,22034.467970059864,-128709.8062444182,165533.47865703682,5607.0
2020-02-29,23027.928828202887,-116736.7757121781,170716.38571677465,6794.0
2020-03-01,20152.362600697757,-122629.31307259864,173627.3705750135,7825.0
2020-03-02,13093.40257468351,-131595.43182060902,168479.4962851371,8789.0
2020-03-03,10223.658876616944,-131393.37191148885,164235.64605956338,9648.0
2020-03-04,12010.345631060016,-132221.8558022657,166265.3096457749,9787.0
2020-03-05,15954.823098225403,-131220.9889496947,167007.92008541158,9597.0
2020-03-06,20619.23577689685,-111690.10652337372,171866.4941412771,9371.0
2020-03-07,19920.45517264516,-129869.64081597401,173630.6588911841,9233.0
2020-03-08,15834.503206557769,-129811.91382481389,161773.52516418917,9408.0
2020-03-09,8091.417366142414,-138539.42546663765,145068.98183638885,9531.0
2020-03-10,5086.431517653982,-142316.18738805328,155656.9301200145,10463.0
2020-03-11,7287.683522290143,-137372.01672909982,153231.36864228104,12403.0
2020-03-12,12176.489837566915,-141190.79916257024,154152.29533012846,15019.0
2020-03-13,18275.33911730611,-120283.52160020481,160409.1103866017,17519.0
2020-03-14,19443.766422539367,-135695.304531785,170248.58862627356,19809.0
2020-03-15,17585.220738469274,-133002.1923240171,161541.98362963388,21944.0
2020-03-16,12344.808573808346,-139860.98312669832,158454.7664350137,24706.0
2020-03-17,12023.69826195424,-136077.247047027,152837.90775564619,27137.0
2020-03-18,16990.295548314112,-139209.81793854048,163918.7171305241,28665.0
2020-03-19,24624.124674046412,-120149.52427139995,175771.56967150865,30317.0
2020-03-20,33347.45693430741,-105049.1883646499,171563.68811321646,31566.0
2020-03-21,36924.73801729549,-103403.42605532255,171301.4692756953,33202.0
2020-03-22,37172.819285355334,-111388.17809294786,177726.0126318846,35516.0
2020-03-23,33661.77472480846,-125520.30866053712,181233.43265716019,37748.0
2020-03-24,34631.99481127242,-106270.36234200862,172588.03517499962,40143.0
2020-03-25,40407.587788706354,-108874.17492067027,186049.655421889,42088.0
2020-03-26,48341.95519488171,-101415.83730004937,182688.88844514044,44432.0
2020-03-27,56850.532609116985,-80841.21505131277,200407.51215875964,46749.0
2020-03-28,59710.713347062934,-99549.3291076427,206694.5362219907,47637.0
2020-03-29,58771.944680068176,-86581.1132220189,191409.01993529111,49304.0
2020-03-30,53655.78193452273,-92088.1411308744,199423.92658542463,51452.0
2020-03-31,52671.61365810473,-88274.53416866675,199429.1834497457,53940.0
2020-04-01,56228.12841214973,-86957.2966003806,201105.67885793364,57343.0
2020-04-02,61776.44686501741,-78238.93564636678,212433.7231075575,59913.0
2020-04-03,67839.98215601005,-76214.12389161803,214053.12838359506,62754.0
2020-04-04,68311.13112954312,-75449.03551896613,219176.6720258451,65151.0
2020-04-05,65157.88175476692,-70597.06090847518,212969.64105889213,67093.0
2020-04-06,58120.225100180076,-80345.03201783869,210318.73628568777,69180.0
2020-04-07,55622.19313691958,-88252.3268336551,194585.03511804066,70820.0
2020-04-08,58179.702258983336,-90863.32279448945,200096.02042216985,72597.0
2020-04-09,63340.23432428163,-84323.95167851061,206613.7012273381,74053.0
2020-04-10,69709.5209393421,-72488.22321623239,202069.80899636354,74208.0
2020-04-11,71245.42895601672,-65398.227874836564,228294.32538708296,74196.0
2020-04-12,69962.21709775628,-79496.40450042525,221088.2209594216,75881.0
2020-04-13,65625.12365007709,-78191.95974192883,207401.55720796034,75105.0
2020-04-14,66661.1628660452,-83355.8153881574,208755.5273879232,74481.0
2020-04-15,73566.34972235694,-68084.64261622609,218939.5989591767,77824.0
2020-04-16,83845.4061798057,-65572.70886537523,246298.1701282664,81932.0
2020-04-17,96039.1179981057,-34982.42925601713,242636.22446090746,88081.0
2020-04-18,104019.52427678951,-41254.55357174677,251697.2789176004,94161.0
2020-04-19,109696.07576632791,-33079.48744625504,259021.55745792435,98514.0
2020-04-20,112712.67074268922,-32666.167231423977,258051.19773057944,103978.0
2020-04-21,121361.37911077932,-27730.28050985202,263012.0002866689,109756.0
2020-04-22,135992.99361917214,3197.183961582495,285781.35364788084,117056.0
2020-04-23,153960.3690196394,10336.369266632248,297995.0178056713,125013.0
2020-04-24,173649.6170849795,30105.10578059925,325195.06148989033,137184.0
2020-04-25,188779.23260246037,46893.022748620206,330705.58202865534,147024.0
2020-04-26,201110.1765123036,49792.972537840986,345662.2531099399,161132.0
2020-04-27,210146.71543333994,70994.97591462219,351255.66959896754,179348.0
2020-04-28,224053.72225228988,78664.00280770741,360237.7030733018,205935.0
2020-04-29,243070.47714171605,95176.05130327326,390383.776060762,247755.0
2020-04-30,264456.8397405271,118140.31399110654,407466.0613595685,296903.0
2020-05-01,286526.78256288636,138556.71342996307,438672.53874484723,341481.0
2020-05-02,302949.2963833027,160467.47621448792,445404.6480545919,363762.0
2020-05-03,315459.64639075537,184231.9094309036,454916.8954324241,383869.0
2020-05-04,323560.74759850284,182123.13276326007,466276.73819423036,390009.0
2020-05-05,335440.35191087617,194895.7175064623,490073.98847419425,396716.0
2020-05-06,351384.09237786627,217782.56925256,493600.01512202184,393152.0
2020-05-07,368720.2798408752,226235.69930048648,506998.2385796008,384506.0
2020-05-08,385851.4837028483,228237.73417936452,523053.3389385537,366519.0
2020-05-09,396552.9661895018,247159.75565158392,541259.8614570509,356719.0
2020-05-10,402681.02101854054,249908.9663771936,551408.1371579947,352199.0
2020-05-11,403871.0701460935,261268.41300147065,537405.3947273064,373821.0
2020-05-12,408451.3056927158,255873.86647272878,546447.0691563608,389857.0
2020-05-13,416852.0244211712,280546.2073666686,552195.4405158178,400286.0
2020-05-14,426546.65572535316,285194.61675254774,571131.3719486513,400566.0
2020-05-15,436079.621775395,295368.0483682505,575738.178528924,411860.0
2020-05-16,439361.20381917834,286231.2750168677,579403.0001407262,429662.0
2020-05-17,438372.56507645093,285666.7349673089,583532.6490858956,433041.0
2020-05-18,432860.87536836835,292990.09585565055,583726.806441615,432728.0
2020-05-19,431250.4054042874,292040.2761853427,577701.1634306359,438806.0
2020-05-20,434049.8059014563,296328.93919641286,584661.506791052,442663.0
2020-05-21,438791.62556697836,290220.6016417897,585443.4589623016,451788.0
2020-05-22,444059.243128625,307367.2671198094,584737.4516584141,452776.0
2020-05-23,443781.4067752525,295099.7268591057,583276.2038297179,447720.0
2020-05-24,439937.5329024035,300700.28199237556,578940.7379360358,447664.0
2020-05-25,432253.69337035995,299814.13410126837,577258.9756789573,428304.0
2020-05-26,429115.1252857934,281934.5349447436,570273.23155626,411190.0
2020-05-27,430975.42959892505,284781.3550248017,581350.0897879895,409086.0
2020-05-28,435298.4483242568,288571.6505263625,581324.8787575568,410216.0
2020-05-29,440587.9191384972,295603.5719445824,592557.0221838246,414798.0
2020-05-30,440685.0140305113,297105.0923659745,587008.4974256764,413585.0
2020-05-31,437476.81970019056,284458.3725585158,581617.6226862203,411672.0
2020-06-01,430595.5896659208,291950.7840627654,575558.54612369,432592.0
2020-06-02,428334.5019235619,278638.53287303576,572718.9217296531,447083.0
2020-06-03,431059.9884562408,282838.52096570755,574959.4907123551,448730.0
2020-06-04,436156.5393062065,283380.53494445846,578206.0992763912,450187.0
2020-06-05,442058.95261397085,304378.5662876423,585736.9882473336,454345.0
2020-06-06,442552.1371741476,296169.05899432313,582894.1518006875,458651.0
2020-06-07,439481.38042519195,291742.1949518811,577454.4793235185,460854.0
2020-06-08,432452.8984812806,284871.544205014,588985.4849910166,465216.0
2020-06-09,429750.3571686163,288077.218613432,574909.0739233202,471194.0
2020-06-10,431747.40984005365,284032.23341773177,565079.7107831705,472612.0
2020-06-11,435852.1434038974,281391.42051461386,575006.2449083196,466642.0
2020-06-12,440538.456820372,288570.8895087456,592440.4047233567,458451.0
2020-06-13,439644.43063730653,289098.8913431274,586843.8259879499,450736.0
2020-06-14,435080.72485207685,297084.62024676247,567274.8427963068,448368.0
2020-06-15,426528.84285025136,281415.69314847677,569988.7007375947,437388.0
2020-06-16,422355.03092783684,277568.7840451276,569966.5479700668,420697.0
2020-06-17,423019.94204406894,268231.03656225407,559998.4376239061,407344.0
2020-06-18,426020.04579006834,285582.7481163549,569794.2115769384,401689.0
2020-06-19,429915.90422579244,273867.9091394614,564911.8900756912,396909.0
2020-06-20,428627.46957880433,286777.0914234218,567994.3970381254,392698.0
2020-06-21,424139.53753803414,278267.70022621006,567124.9974393079,390315.0
2020-06-22,416197.2864602611,283535.2803113141,559943.8992263894,391606.0
2020-06-23,413217.75787303934,261021.0357665745,569132.9330979427,392830.0
2020-06-24,415697.48352871067,266189.0993138191,556665.5456498648,393509.0
2020-06-25,421152.30596987787,271954.6150063392,561949.2235588741,388990.0
2020-06-26,428144.5637059781,280816.5012502332,574607.8928094632,395718.0
2020-06-27,430577.8332865645,283823.2968644355,587466.042486888,399090.0
2020-06-28,430402.38206168223,292039.40927968634,577272.4848554184,405328.0
2020-06-29,427311.26525521453,287462.3308531777,575738.1767162331,422115.0
2020-06-30,429652.9088499446,271528.56351795717,564884.4738125087,435286.0
2020-07-01,437840.35342143406,299415.8576397976,590498.5670789978,452057.0
2020-07-02,449293.1598689991,299532.07759309834,605278.5181311424,469642.0
2020-07-03,462467.08794115565,329266.7660317756,620306.163297859,481920.0
2020-07-04,471151.6671325421,323938.498157001,613267.0314420171,488399.0
2020-07-05,477178.7307347232,330400.01913242135,618959.6795867458,490962.0
2020-07-06,480121.7557282502,342691.2657099495,620954.0190655789,491871.0
2020-07-07,488211.7542024754,339557.9065224757,630685.4314784426,505755.0
2020-07-08,501749.79306829063,353792.752920114,664662.014435521,523680.0
2020-07-09,518052.0456132746,370048.38050289534,664109.6605114142,540779.0
2020-07-10,535482.3917515067,399269.7451881886,684842.2666286103,555718.0
2020-07-11,547752.5994063516,407930.3494516361,690049.2012634011,559707.0
2020-07-12,556633.07914949,402763.4301813008,700076.7622797457,564547.0
2020-07-13,561653.9879995058,410444.90129453456,692929.689301243,584299.0
2020-07-14,571022.3745520797,426033.683598762,712487.4831625419,604475.0
2020-07-15,585035.4037871582,440540.6021399898,724379.1625602774,621090.0
2020-07-16,601025.542886177,461755.59645430517,757351.0306161769,626130.0
2020-07-17,617392.719789363,468332.019405719,765839.3425508653,637591.0
2020-07-18,627903.4984601685,478411.03128366347,766543.4081086102,647154.0
2020-07-19,634400.2918649414,478464.5115786734,788180.2123033778,656613.0
2020-07-20,636500.432940575,489116.62965494685,781282.3565671202,650957.0
2020-07-21,642510.8548589315,501961.370977795,789493.0537483922,634699.0
2020-07-22,652838.4911028597,508159.7898634567,794615.9127733099,615982.0
2020-07-23,664932.3591139696,523868.808581188,810398.4540348005,610429.0
2020-07-24,677312.4305911025,537845.0426337617,812536.7215807366,612905.0
2020-07-25,683865.4288470832,545715.5438235925,825023.2825137746,614915.0
2020-07-26,686550.6735626871,542945.2063406343,828686.0817003441,618492.0
2020-07-27,685095.8922469681,536681.5971492878,834122.7143523917,628048.0
2020-07-28,687908.8455632497,543696.7608232992,820269.2923300392,645325.0
2020-07-29,695484.9666149417,556479.6180140845,846805.7357191328,673109.0
2020-07-30,705347.0592489524,557335.7124490982,850838.262058729,694358.0
2020-07-31,716072.2279238342,566275.5535573349,850240.037425355,704480.0
2020-08-01,721586.2362194489,570405.5022828429,871166.9171563656,712506.0
2020-08-02,723868.4558212298,586113.200265184,856963.0469799851,721480.0
2020-08-03,722647.3506022348,579043.035673944,862242.4807746919,735766.0
2020-08-04,726312.3512238689,579388.1005156959,878100.5627118452,753681.0
2020-08-05,735322.311415343,595395.8581419409,874582.5318377259,771883.0
2020-08-06,747146.5649951334,602216.1055684756,900040.7043367177,792236.0
2020-08-07,760293.71396012,618520.888026895,905299.5719286419,809075.0
2020-08-08,768608.2874979172,617425.6103950819,912019.273373211,809554.0
2020-08-09,773978.3632421095,624909.9193860294,916393.2852669961,804301.0
2020-08-10,776034.0136640309,626044.771055578,911274.7894070145,805265.0
2020-08-11,783062.3425904622,633747.3854051874,927595.9135052316,809237.0
2020-08-12,795419.2064583732,655956.4293957481,948289.8848493695,809612.0
2020-08-13,810473.5397550941,674470.8980335348,958097.0003486848,812650.0
2020-08-14,826639.3149365548,676762.3556078458,967307.7985132122,830119.0
2020-08-15,837675.1800788293,687232.4819178809,982109.8301728881,838907.0
2020-08-16,845394.7739605975,692266.5032093382,987649.4308609302,846297.0
2020-08-17,849367.4989640827,699721.4016706108,993998.2841129071,854406.0
2020-08-18,857835.4450739381,707240.8007401471,1001866.9042226686,858547.0
2020-08-19,871126.5011373885,722902.9748398537,1030677.1226747604,879283.0
2020-08-20,886599.5293606089,748981.0525797904,1033153.4046606737,902991.0
2020-08-21,902676.6064649293,759994.3650067693,1056623.0633849332,921080.0
2020-08-22,913142.364528553,777933.9617865786,1064507.7072557362,928354.0
2020-08-23,919853.4393515632,772363.9465436655,1058258.6295294496,931556.0
2020-08-24,922437.8316882597,790542.7945659402,1064840.197564509,932523.0
2020-08-25,929209.9165400697,772880.6477142051,1081148.136038465,936938.0
2020-08-26,940581.1939995339,802207.6106839135,1072968.2737652757,934817.0
2020-08-27,954002.7289383751,807008.1754227126,1100483.887920308,927034.0
2020-08-28,967994.3658424454,825801.7121444978,1114201.4194522742,919528.0
2020-08-29,976440.8441534645,827897.8173078044,1120304.3582799586,920523.0
2020-08-30,981297.9208024525,848835.5528083647,1132908.6142962393,924741.0
2020-08-31,982288.407765937,829877.1533187679,1128918.7486825408,865812.0
2020-09-01,987813.962877316,846213.3863695512,1142449.4688233184,884248.0
2020-09-02,998362.8279505387,852287.3768833193,1137852.2893283998,915432.0
2020-09-03,1011449.556362294,863832.0883268341,1156252.3853235883,951206.0
2020-09-04,1025641.9029929967,883905.0508266722,1169770.0317286062,994956.0
2020-09-05,1034855.0772431318,897432.6273664874,1185706.7962926128,1017658.0
2020-09-06,1041056.5278137007,893628.8723950011,1193836.5165873505,1031632.0
2020-09-07,1043961.2136191658,898535.5933820276,1187365.8243750993,1116844.0
2020-09-08,1051943.2289659758,912152.4617364474,1197672.6778239987,1127879.0
2020-09-09,1065443.988784261,915905.6183669138,1217353.5350572225,1146405.0
2020-09-10,1081913.0096718892,932362.7776024459,1219287.9286484262,1172875.0
2020-09-11,1099836.4348843782,948137.6162965477,1243846.8096049875,1201599.0
2020-09-12,1113033.4615530025,968849.2053801676,1257164.4100303748,1205239.0
2020-09-13,1123363.779814335,977553.3182395853,1258010.1075207046,1198304.0
2020-09-14,1130425.9043689969,980710.8293316058,1287634.6342288621,1177947.0
2020-09-15,1142472.1796665767,1002440.2549062145,1282622.5593821406,1182812.0
2020-09-16,1159820.5674702642,1019935.1373498469,1300877.1359256573,1190066.0
2020-09-17,1179799.1478543887,1033668.0449903711,1324756.4539751573,1190355.0
2020-09-18,1200778.3715608953,1052102.2395110503,1336751.2106295463,1194179.0
2020-09-19,1216471.1128690643,1067871.7141056699,1361192.4076755354,1203415.0
2020-09-20,1228643.522019468,1084482.697136755,1381257.829954411,1229906.0
2020-09-21,1236816.4546072972,1093583.7869678969,1384741.7654821048,1229562.0
2020-09-22,1249183.163147832,1099505.2257576662,1397146.9761000786,1227031.0
2020-09-23,1266023.2747145274,1117848.9265890028,1409368.1215948898,1233528.0
2020-09-24,1284648.9142164702,1145297.8563017645,1432172.8448692327,1253351.0
2020-09-25,1303437.956474308,1166033.2666696329,1455749.3307817376,1267139.0
2020-09-26,1316134.416434913,1157088.7949330166,1455917.7487660723,1270138.0
2020-09-27,1324558.9587980518,1177436.7076905705,1466445.8984904855,1262542.0
2020-09-28,1328309.3036164052,1185936.3119769923,1466818.5965497042,1266625.0
2020-09-29,1335676.2327469897,1193175.4687465103,1475954.565070485,1263317.0
2020-09-30,1347055.260039636,1192017.977138886,1495212.5852443445,1272398.0
2020-10-01,1359889.8812728212,1218335.305827093,1504734.116248363,1292006.0
2020-10-02,1372701.4611793498,1230655.0347014484,1509716.1882343753,1325675.0
2020-10-03,1379385.8550857208,1235505.9531256687,1521871.6437343725,1350174.0
2020-10-04,1381919.8472772639,1234762.8283061988,1526337.4499835854,1363870.0
2020-10-05,1380057.2930200172,1239884.6766152314,1525146.4382311627,1373346.0
2020-10-06,1382240.7860608068,1239942.7690708744,1531038.381444129,1399423.0
2020-10-07,1389009.0343988906,1250662.0976531634,1535409.3337563816,1433546.0
2020-10-08,1397935.980901552,1252970.8728726064,1552866.8747672008,1466334.0
2020-10-09,1407656.8421816549,1269573.0008482735,1553416.3216842476,1478573.0
2020-10-10,1412161.273267203,1264355.4701902866,1560255.8290093073,1473163.0
2020-10-11,1413496.8402925269,1268761.264123687,1554509.9094914175,1461751.0
2020-10-12,1411462.7748078282,1261221.3480411822,1546804.5113752324,1454450.0
2020-10-13,1414519.9039663705,1268104.5503780334,1566305.295684378,1443229.0
2020-10-14,1423196.993735145,1265184.0821464893,1573985.855060902,1442551.0
2020-10-15,1435029.5774338478,1296786.560303197,1577806.0114399479,1443047.0
2020-10-16,1448586.4586997489,1305338.3919278192,1600254.1120685842,1459783.0
2020-10-17,1457764.0916201735,1321379.751865113,1608625.0301818158,1469967.0
2020-10-18,1464491.994704274,1313255.0334383242,1598162.5243468375,1480544.0
2020-10-19,1468429.127651967,1334184.4417603991,1613754.342580209,1492030.0
2020-10-20,1477877.0608666332,1337529.4756063602,1609970.1293126899,1509886.0
2020-10-21,1493190.0943432916,1342342.346662989,1640168.5886344768,1534087.0
2020-10-22,1511718.3026130102,1365311.6288697156,1651000.80387605,1555819.0
2020-10-23,1531838.5871642684,1388170.206998333,1673494.3684894238,1573678.0
2020-10-24,1547253.8218766386,1403216.1089231917,1692509.1677979524,1579442.0
2020-10-25,1559703.125161555,1410575.23490272,1706199.7919217888,1578937.0
2020-10-26,1568663.0617881673,1424692.1336219562,1716824.5176255098,1546554.0
2020-10-27,1582265.4791236932,1448846.9027460003,1730591.6691800954,1513139.0
2020-10-28,1600712.0132447632,1456428.6189430854,1740889.8088115025,1493571.0
2020-10-29,1621221.12777599,1484751.1628968548,1755597.0803129661,1512872.0
2020-10-30,1642062.6633539156,1491558.6770185416,1788474.8239916873,1544508.0
2020-10-31,1656859.8931472753,1512751.0853033836,1813921.7737183701,1565163.0
2020-11-01,1667302.043261907,1517691.4315640186,1820575.731556361,1587304.0
2020-11-02,1672847.0239187744,1527288.8985126412,1820459.1485659778,1635809.0
2020-11-03,1681640.0379867144,1536555.665464853,1832774.7060003758,1670300.0
2020-11-04,1693928.0838607317,1551530.3328260232,1827411.6518296532,1697094.0
2020-11-05,1707006.2180703282,1560272.7226656799,1850441.8335596973,1711425.0
2020-11-06,1719250.57728558,1572739.6583810404,1862834.1798747466,1737851.0
2020-11-07,1724418.1970063127,1575143.6945184583,1871946.890198664,1757630.0
2020-11-08,1724356.645495109,1574625.8641625792,1866112.685352417,1769805.0
2020-11-09,1718703.2950158978,1566212.3022485867,1858558.1542507126,1738983.0
2020-11-10,1715799.9872915577,1576559.284785284,1852498.4188853821,1722503.0
2020-11-11,1716103.2124130656,1566184.9269965952,1867683.419253049,1739185.0
2020-11-12,1717125.7769265822,1568588.0227659738,1860596.8680892864,1743666.0
2020-11-13,1717465.077703246,1574579.2505834026,1853227.5756127508,1745469.0
2020-11-14,1711098.1375902914,1568133.8777586236,1853633.717037393,1739312.0
2020-11-15,1700086.539874934,1560445.8274171073,1842498.7796301045,1720709.0
2020-11-16,1684271.1975106623,1530346.2381468767,1833378.4751308367,1699132.0
2020-11-17,1672182.8217367975,1528841.1107316494,1819037.7465410416,1692640.0
2020-11-18,1664448.3066565217,1516017.2883001196,1808098.2501514636,1686465.0
2020-11-19,1658729.0907987235,1512095.8082917393,1798200.6371274567,1684248.0
2020-11-20,1653746.6831257762,1513728.1226457285,1800080.2045493347,1683329.0
2020-11-21,1643575.5643010228,1512466.8838940694,1787942.836333532,1685878.0
2020-11-22,1630346.6375254942,1489801.29852989,1774131.9385152904,1685723.0
2020-11-23,1613941.1847769741,1458075.9015706684,1755170.9053771074,1650261.0
2020-11-24,1602901.1939798282,1454403.502933035,1735027.801217244,1621392.0
2020-11-25,1597836.2573266616,1451060.5676979742,1747026.4271899178,1615203.0
2020-11-26,1596363.0681766556,1457116.0668747018,1718646.7594618844,1613757.0
2020-11-27,1597132.6547972532,1455939.8258160912,1732583.0337824016,1600166.0
2020-11-28,1594125.498472616,1451709.7943638433,1736580.038888016,1589956.0
2020-11-29,1589357.6353495584,1447649.5254120296,1740782.0048698853,1581876.0
2020-11-30,1582577.6133499686,1434123.9965996896,1734575.9965746622,1556365.0
2020-12-01,1582180.0784605646,1447953.627982463,1731084.4620033575,1535609.0
2020-12-02,1588616.0954165154,1441860.9413243236,1728581.5549997855,1536680.0
2020-12-03,1599336.1338939443,1451938.2304532286,1751947.9523435012,1543980.0
2020-12-04,1612820.763836787,1463210.9703731418,1754055.462239775,1558127.0
2020-12-05,1622879.117398093,1477200.1833134582,1771538.7787079532,1561965.0
2020-12-06,1631358.133638887,1495559.7740172104,1771687.6732338096,1565654.0
2020-12-07,1637842.3835184206,1500976.3002729178,1783242.8299523466,1554828.0
2020-12-08,1650570.1868836246,1506800.0134185473,1801530.2379889,1554440.0
2020-12-09,1669846.0767120302,1533296.446655844,1801415.7156176863,1562983.0
2020-12-10,1692985.5059444364,1545772.9879413198,1838219.5042791415,1600871.0
2020-12-11,1718346.8194441015,1577575.3500522184,1857792.5164867118,1647180.0
2020-12-12,1739630.5423925314,1599955.0688652927,1876244.7642856396,1686361.0
2020-12-13,1758589.009780234,1625564.3458221855,1898396.1280587811,1726611.0
2020-12-14,1774726.1570323578,1637531.8079991376,1906447.8693289084,1768658.0
2020-12-15,1796213.2188478368,1656349.5678786587,1940370.6880152877,1819354.0
2020-12-16,1823300.4382315204,1671503.7284871724,1968331.5036721225,1880584.0
2020-12-17,1853260.7372819346,1703793.3430059995,2003820.5482442777,1951324.0
2020-12-18,1884420.4358698549,1742372.6821112363,2030656.4216517203,2037744.0
2020-12-19,1910457.1381567246,1759863.9927173997,2055698.538083272,2088258.0
2020-12-20,1933107.882822629,1782717.9280112998,2083250.4686228246,2170939.0
2020-12-21,1951867.4483138488,1791202.373036703,2097660.3634213666,2259336.0
2020-12-22,1974902.629029551,1826976.4908452015,2128909.1749331425,2329331.0
2020-12-23,2002462.6484597207,1862421.31672375,2146638.916752741,2369486.0
2020-12-24,2031821.7178692673,1875342.1491523304,2176221.339509365,2278904.0
2020-12-25,2061308.8747510673,1912715.081932555,2198517.4642316,2042215.0
2020-12-26,2084605.2585143591,1942165.0651176267,2221724.3161173365,1994218.0
2020-12-27,2103451.944966092,1959831.5995060287,2251168.9941547364,1944890.0
2020-12-28,2117348.243888923,1980071.4881898721,2255579.7759016333,1703358.0
2020-12-29,2134466.275518176,1975632.868629957,2274299.17419432,1713639.0
2020-12-30,2155061.978713812,2011870.1968921516,2307538.8647402693,1764313.0
2020-12-31,2176418.5335690435,2028295.4867879048,2328306.827867196,1844345.0
2021-01-01,2196877.295081369,2047244.0619536021,2342423.1308671595,1937254.0
2021-01-02,2210136.347295538,2054115.7873753656,2341545.9259987283,2060341.0
2021-01-03,2217959.7426105095,2064082.5830467616,2370364.426590426,2097944.0
2021-01-04,2219877.266832591,2069339.5265680442,2358337.7700302973,2264180.0
2021-01-05,2224100.477396874,2087250.9371672731,2367433.6017814903,2240825.0
2021-01-06,2230935.0968866907,2083866.4849836114,2371060.0323138987,2233170.0
2021-01-07,2237725.6741101965,2092572.25860618,2374263.571877752,2325519.0
2021-01-08,2242887.541550788,2095486.749156423,2380629.258663742,2504542.0
2021-01-09,2240206.115896282,2102753.1917243483,2382031.8459911505,2467780.0
2021-01-10,2231546.5510261836,2078405.858352281,2365361.237857315,2432063.0
2021-01-11,2216553.5382013256,2075013.273738649,2371943.2647034037,2380391.0
2021-01-12,2203566.966308627,2059902.3527098487,2344392.687182559,2338292.0
2021-01-13,2193033.5024472973,2048226.6567935387,2338961.438729837,2284784.0
2021-01-14,2182449.9970671944,2051093.385567731,2321624.548164536,2253039.0
2021-01-15,2170393.748859468,2031991.304509581,2326650.4996451507,2226486.0
2021-01-16,2150819.697111412,2002405.183613188,2292615.0568127804,2188168.0
2021-01-17,2125767.5862567285,1978949.995700105,2256162.0056056124,2152593.0
2021-01-18,2095058.9463326777,1948765.74772163,2239847.1897238204,2072753.0
2021-01-19,2067209.6636035852,1925922.6946007772,2207758.3104879665,2024561.0
2021-01-20,2042838.2738980798,1897066.951198091,2194678.67228794,1987125.0
2021-01-21,2019605.9640375008,1865226.4974033856,2168354.302565411,1961875.0
2021-01-22,1996243.4043705259,1851839.3198002714,2141188.6028418224,1944732.0
2021-01-23,1966844.5720803095,1823932.1972394306,2121475.2105407873,1924002.0
2021-01-24,1933570.703421642,1789316.2400695214,2076990.532285626,1886708.0
2021-01-25,1896344.310729878,1747842.7549490978,2038516.7108742855,1820014.0
2021-01-26,1863759.1265229548,1720762.2854630768,2003933.9057568854,1778168.0
2021-01-27,1836486.188539789,1686853.577587926,1976357.3744245316,1758730.0
2021-01-28,1812212.1230880676,1669811.1667177496,1957032.2459885667,1758504.0
2021-01-29,1789664.8101016935,1651433.7232887105,1938115.445229459,1748487.0
2021-01-30,1762906.6363607482,1605732.9881137798,1913147.366785827,1738373.0
2021-01-31,1734038.5065915736,1589099.5951694201,1877880.165918131,1734570.0
2021-02-01,1702894.5634228075,1553588.6315203686,1851508.3682920742,1700581.0
2021-02-02,1677953.4764896971,1530628.9621223295,1822727.4069669913,1693183.0
2021-02-03,1659746.4950910052,1507787.9065662469,1803335.5318676755,1697791.0
2021-02-04,1645798.285177996,1497590.7533718676,1802606.0729207632,1683337.0
2021-02-05,1634655.6810860406,1492578.0487869538,1784695.3272111237,1687656.0
2021-02-06,1620184.4903113174,1471883.3711788855,1771072.5022665595,1698198.0
2021-02-07,1604277.4394368066,1465532.5410039795,1752565.6635507396,
2021-02-08,1586553.1191970028,1431902.6749953844,1722112.0951754197,
2021-02-09,1575271.6870634886,1430412.7456790132,1711544.8623955941,
2021-02-10,1570747.4136525553,1429825.207580362,1717079.846542384,
2021-02-11,1570293.982360225,1425984.8726173157,1716324.8933551854,
2021-02-12,1572257.5610477973,1432804.866043186,1715256.6658255118,
2021-02-13,1570317.6753612952,1426532.6025559758,1728407.0161980342,
2021-02-14,1566198.868965317,1414048.8436865993,1705000.378210291,
2021-02-15,1559372.9146374585,1405863.3753170324,1707930.1072761845,
2021-02-16,1557977.251999591,1410730.571221748,1701292.5784977993,
2021-02-17,1562229.6693670724,1412263.8093780659,1699597.5201078071,
2021-02-18,1569375.086064468,1424835.103801878,1718301.5857816183,
2021-02-19,1577719.4182748399,1434482.3962849018,1720368.4401292328,
2021-02-20,1580930.5406156846,1436081.6637759865,1728812.9612402702,
2021-02-21,1580749.3302365283,1435252.529038192,1732833.438721524,
2021-02-22,1576690.5778247283,1434054.4260171363,1722785.4516269222,
2021-02-23,1576959.4801362683,1435719.6654236827,1717630.3540219136,
2021-02-24,1581863.7877349462,1437857.7349905495,1715514.3945870337,
2021-02-25,1588757.536312276,1445322.7178926885,1733454.7710607979,
2021-02-26,1596071.4305158036,1455106.0445644595,1755196.5648152365,
2021-02-27,1597609.9897897574,1462384.8302095467,1748247.9572930683,
2021-02-28,1595258.5490706225,1449114.907119325,1739343.7902968994,
2021-03-01,1588680.0105446305,1446887.584376014,1714972.921173122,
2021-03-02,1586227.1755412705,1443830.9500799885,1731339.9589275918,
2021-03-03,1588350.844130276,1447458.7301837215,1732676.3272571494,
2021-03-04,1592539.7209062625,1445082.3946298321,1732906.204797939,
2021-03-05,1597347.2991361492,1461238.5153706148,1728776.7422400815,
2021-03-06,1596685.9262565512,1455854.2671156519,1740977.7148994813,
2021-03-07,1592531.224664733,1444029.020627812,1740455.1509357446,
2021-03-08,1584616.8304579188,1441174.8945455365,1740347.4840981844,
2021-03-09,1581345.329146607,1442101.538723104,1724235.5566787268,
2021-03-10,1583195.6079840264,1441196.5793490757,1739638.4148962738,
2021-03-11,1587662.6767343483,1443690.42443806,1737745.4763579012,
2021-03-12,1593285.1233293987,1446166.8251673114,1740154.1769464514,
2021-03-13,1593940.3828343726,1453424.3971349369,1741892.5583937168,
2021-03-14,1591550.9510201102,1441994.8425406164,1737694.0119313793,
2021-03-15,1585781.4457542982,1437187.6585093532,1738049.9206992814,
2021-03-16,1584952.3207608075,1434354.9653260582,1730490.3465865105,
2021-03-17,1589450.3640747862,1441810.915213249,1732715.2913300537,
2021-03-18,1596671.935427133,1454621.0372777819,1741082.6942798363,
2021-03-19,1605054.0039996402,1468094.2851128636,1742771.9209099035,
2021-03-20,1608373.0556127357,1472377.4096378577,1748438.1991863248,
2021-03-21,1608454.890122597,1460579.4836429183,1756522.47428353,
2021-03-22,1604875.1037787548,1457980.5898836534,1747857.5701348328,
2021-03-23,1605875.9578423998,1460366.9527982504,1741406.8303117934,
2021-03-24,1611779.6707607838,1462076.5730700267,1748349.9188760943,
2021-03-25,1619934.0040707202,1480323.7611926526,1767456.6266229898,
2021-03-26,1628745.1328243094,1493983.023734343,1773036.8786066698,
2021-03-27,1631977.814403536,1484550.9727995484,1774412.6201857154,
2021-03-28,1631465.8383546981,1476238.4075236819,1776062.087945129,
2021-03-29,1626812.531988035,1478957.2053359568,1781281.7579855262,
2021-03-30,1626307.021746792,1465103.6107887574,1773720.3381754872,
2021-03-31,1630336.30507163,1484321.0474496945,1777999.4747650707,
2021-04-01,1636329.0385668827,1492413.7721010135,1788886.5014280705,
2021-04-02,1642786.08604132,1505877.0847753726,1774368.5295777197,
2021-04-03,1643577.9086608067,1498449.2776247412,1785200.5959304757,
2021-04-04,1640651.8617974976,1502201.156786728,1788397.9034137058,
2021-04-05,1633729.2664537425,1493636.7646909289,1789068.4211750568,
2021-04-06,1631218.0568482191,1491379.8116234462,1775395.3314415803,
2021-04-07,1633621.1659518823,1494221.0341561872,1781638.368368616,
2021-04-08,1638476.6641874013,1496549.1547722912,1787405.2386865872,
2021-04-09,1644384.8034191239,1488030.5823119278,1798922.79163686,
2021-04-10,1645302.1530010905,1506364.6369085074,1790413.1061449586,
2021-04-11,1643245.9899174955,1497054.749293451,1785294.106883583,
2021-04-12,1637988.8984188165,1488932.9888312058,1773029.5530795224,
2021-04-13,1637969.4557844796,1496688.1225969656,1784681.7281316435,
2021-04-14,1643699.2263681302,1480828.081683856,1792860.0382612206,
2021-04-15,1652702.1230717013,1507192.9111886416,1793635.229924896,
2021-04-16,1663541.31458486,1520875.2979778834,1804937.1134112033,
2021-04-17,1670113.8728760951,1523148.4344716058,1815853.3902049074,
2021-04-18,1674356.31196988,1532819.2946202776,1814202.4615762986,
2021-04-19,1675940.944003868,1525128.7608794416,1829447.048181515,
2021-04-20,1683188.8822324108,1532622.9447135574,1837923.829267508,
2021-04-21,1696479.8499675726,1558929.5533389752,1839928.5482569623,
2021-04-22,1713194.7770689623,1553652.1561882494,1853713.7152086943,
2021-04-23,1731746.272655785,1583989.7435042385,1873018.926182898,
2021-04-24,1745877.0693324183,1607393.09384979,1879384.6633269002,
2021-04-25,1757369.4841001332,1605442.6861000096,1904725.63331741,
2021-04-26,1765745.7124816747,1624623.1739886063,1918733.38297408,
2021-04-27,1779184.6756080238,1621496.0793257977,1929756.4600022752,
2021-04-28,1797935.4720633444,1663034.3093120651,1955835.8354652438,
2021-04-29,1819263.3147063917,1676771.0537076888,1964920.5199348594,
2021-04-30,1841482.9484668837,1695089.1197607755,1979325.5085828481,
2021-05-01,1858259.5630995957,1718950.4074255489,2014615.2059194006,
2021-05-02,1871320.178450876,1725619.9910317946,2008098.447722033,
2021-05-03,1880155.26674921,1733770.718486679,2027389.721878535,
2021-05-04,1892936.296721983,1755351.745337943,2038581.524967975,
2021-05-05,1909929.2344139551,1749324.4248330474,2049114.755495825,
2021-05-06,1928439.8824701237,1783751.2574690194,2077297.1593899166,
2021-05-07,1946846.0737893998,1798439.3905227468,2093894.107983244,
2021-05-08,1958896.7711716916,1818541.7147530515,2101730.2185396277,
2021-05-09,1966421.1047324806,1817676.6864082932,2111383.4584768224,
2021-05-10,1969027.1807771807,1823104.2330760579,2111963.2814106443,
2021-05-11,1975016.4290155438,1819826.8230693766,2119235.877955297,
2021-05-12,1984793.6155474593,1837635.5710242332,2143086.6944966572,
2021-05-13,1995808.5036920684,1844077.7106821265,2134150.3594798157,
2021-05-14,2006584.2836889215,1862062.9163398515,2152126.043240002,
2021-05-15,2011012.9297623874,1872241.5947965316,2149005.2323720152,
2021-05-16,2011060.6218259968,1864992.4349230414,2156564.5983482967,
2021-05-17,2006463.1665991172,1871640.4604049742,2140991.038381002,
2021-05-18,2005637.2787552287,1856372.321734494,2153236.117491478,
2021-05-19,2009087.9332390816,1869299.375240189,2164110.6012025317,
2021-05-20,2014347.8421099558,1853444.9281846618,2161832.8532099556,
2021-05-21,2020004.2337906284,1878823.7533844179,2165994.9368601907,
2021-05-22,2019993.134044787,1875056.3933481614,2164641.7026778003,
2021-05-23,2016304.3096686825,1874386.0526783823,2164329.9388436424,
2021-05-24,2008676.8156550184,1859380.9137949226,2144856.929049077,
2021-05-25,2005510.994638401,1854344.3442018842,2153095.9724334953,
2021-05-26,2007277.1106023819,1864331.4387403857,2149113.0655538514,
2021-05-27,2011456.6246636373,1879634.4073390763,2151906.511091891,
2021-05-28,2016571.2303236593,1874341.5105100586,2172776.171289471,
2021-05-29,2016479.7739528143,1871210.3665116474,2153134.874855502,
2021-05-30,2013086.1371188592,1856556.5327599011,2152377.2309162803,
2021-05-31,2006037.9288964937,1861001.0168526173,2142651.297386946,
2021-06-01,2003641.7388986237,1866125.1159223684,2147653.0058639706,
2021-06-02,2006275.032445468,1858118.392463884,2165091.937803203,
2021-06-03,2011330.5956432598,1871176.0072492952,2150554.4464905453,
2021-06-04,2017248.551227023,1880966.687645379,2165414.2834161576,
2021-06-05,2017815.9807780236,1871253.9902677154,2172312.027564195,
2021-06-06,2014877.148828425,1883671.7935953434,2150482.0086098905,
2021-06-07,2008034.1073377342,1861747.225052273,2161594.031351762,
2021-06-08,2005563.3751223367,1864211.7447635003,2146579.2088490776,
2021-06-09,2007828.7326218495,1852050.890572582,2173334.548281494,
2021-06-10,2012226.0150455432,1882500.0443517272,2165333.561826843,
2021-06-11,2017214.9170155472,1872347.2250671387,2163200.8509285264,
2021-06-12,2016617.8537444095,1873111.6534435025,2162754.18802576,
2021-06-13,2012328.900513298,1865304.8545460182,2150882.3551181313,
2021-06-14,2004012.631172291,1864599.3539166662,2156836.93054473,
2021-06-15,2000018.6071423376,1851824.7439219384,2144146.446007886,
2021-06-16,2000791.6271074887,1855213.7304624103,2146259.5477073817,
2021-06-17,2003813.7010060686,1855356.566807564,2147029.4815312005,
2021-06-18,2007632.8503070702,1859842.9015504431,2145354.854505168,
2021-06-19,2006158.8740733226,1864182.4321567032,2157610.353924677,
2021-06-20,2001369.1997673674,1856975.9428000706,2145185.4303361527,
2021-06-21,1993004.7364875237,1846612.1231818753,2145437.701071604,
2021-06-22,1989481.575920029,1850444.5789503737,2133708.7554394905,
2021-06-23,1991298.738999527,1839542.3243753344,2135494.609851832,
2021-06-24,1995978.0110344773,1843723.3560164028,2140270.4287872645,
2021-06-25,2002091.0353780463,1850499.4744495016,2145935.233072362,
2021-06-26,2003553.8601286178,1866108.543560117,2147899.2102998337,
2021-06-27,2002332.097020969,1862443.8063587914,2138285.202987102,
2021-06-28,1998136.6344014565,1847686.9489726438,2136585.012753033,
2021-06-29,1999335.7570424369,1860981.5998142262,2145988.5830014898,
2021-06-30,2006363.8612837135,1875026.5055938659,2157931.858096223,
2021-07-01,2016662.7820526822,1878550.1456090144,2166395.5160198715,
2021-07-02,2028710.8597154196,1891835.8555023947,2175633.4078997425,
2021-07-03,2036319.8844432866,1891865.4204971062,2182116.760515549,
2021-07-04,2041343.0074796993,1900217.0446529007,2186943.4665698856,
2021-07-05,2043373.4805341768,1913152.8969590496,2198090.686114771,
2021-07-06,2050659.9869110119,1909439.14471037,2191741.785997692,
2021-07-07,2063518.6579026347,1904172.3051621038,2209264.778940399,
2021-07-08,2079277.6930718292,1946172.6416018647,2228717.141293304,
2021-07-09,2096309.6144147525,1958587.125180549,2241878.1791277253,
2021-07-10,2108331.1970316363,1954888.4203227232,2254604.7616267256,
2021-07-11,2117114.076388111,1975680.3463136593,2254038.175787486,
2021-07-12,2122185.812530484,1975591.7502025082,2261261.272305807,
2021-07-13,2131747.104869455,1978939.2271101417,2266215.466853353,
2021-07-14,2146085.194046546,2000524.0171815467,2283881.754347875,
2021-07-15,2162519.327194385,2018590.3554440888,2305000.5178557974,
2021-07-16,2179433.2902542176,2033573.570723357,2325760.2812291076,
2021-07-17,2190575.040440585,2038949.093681966,2331410.0926371813,
2021-07-18,2197766.446499607,2047441.2424353661,2337888.687880736,
2021-07-19,2200602.941580011,2057566.1973898786,2346139.9327409915,
2021-07-20,2207368.822971556,2075547.5949817863,2353382.129671192,
2021-07-21,2218448.2908565854,2078168.5731233829,2354043.357144517,
2021-07-22,2231268.1713635195,2087616.1550869641,2372831.3205060405,
2021-07-23,2244327.4078675546,2103318.8638197165,2387590.7151416736,
2021-07-24,2251493.4428320387,2106726.935573648,2393023.966515724,
2021-07-25,2254708.5933091654,2102642.5618703286,2395274.643268791,
2021-07-26,2253686.323819021,2114285.263728833,2401506.3099976904,
2021-07-27,2256823.2502425252,2104378.215771836,2399901.769222204,
2021-07-28,2264607.0637700837,2123130.5821072976,2413234.6192987952,
2021-07-29,2274556.4117145683,2124455.7378167473,2425598.489801354,
2021-07-30,2285247.902539626,2146797.5558088482,2437865.7202403783,
2021-07-31,2290610.4301935607,2146535.528775902,2439327.471370555,
2021-08-01,2292629.9808717044,2138969.6054724827,2437777.878602136,
2021-08-02,2291044.871336128,2145187.357784175,2431748.376665902,
2021-08-03,2294257.281875553,2137185.285726025,2442188.7043018453,
2021-08-04,2302741.2855371865,2146656.7767245225,2443536.5508389617,
2021-08-05,2313983.405783891,2168845.9640734503,2456259.7431098013,
2021-08-06,2326510.8481502165,2179440.5472842106,2480728.596655491,
2021-08-07,2334187.562725924,2201342.0081338044,2479435.3253550897,
2021-08-08,2338921.2469752766,2209939.9640249466,2484745.7817172436,
2021-08-09,2340361.170645594,2186553.4146934864,2483178.890417937,
2021-08-10,2346812.6067177886,2197868.0318197007,2490753.2242737245,
2021-08-11,2358647.9815085502,2211157.4705723827,2507253.2995720604,
2021-08-12,2373250.680809567,2233014.701057715,2529062.9087438406,
2021-08-13,2389046.5584776225,2251350.5422279015,2535322.3284105854,
2021-08-14,2399803.2042280976,2258644.4936682614,2557558.524583217,
2021-08-15,2407339.982158636,2261900.4924878054,2550806.009507673,
2021-08-16,2411228.6288193865,2262646.5626146323,2555195.520101539,
2021-08-17,2419710.10970224,2278129.5011772593,2563976.587471443,
2021-08-18,2433107.7726110662,2287543.2298456077,2570840.04422485,
2021-08-19,2448772.6728605283,2304121.625613941,2582359.4572543437,
2021-08-20,2465116.0693843067,2315191.005108284,2600221.029671216,
2021-08-21,2475909.1172478935,2338502.4104579603,2624355.754281846,
2021-08-22,2482992.7538948967,2333996.073602656,2612743.5885191876,
2021-08-23,2485977.5712908097,2342696.6765848547,2634024.961318254,
2021-08-24,2493159.3936825655,2342105.206416928,2641155.4823096124,
2021-08-25,2504930.6372170676,2352064.9496864094,2645499.3993430403,
2021-08-26,2518723.3800017703,2372749.0223335735,2659431.754357343,
2021-08-27,2533039.2096289922,2386287.2222626708,2671569.35908801,
2021-08-28,2541745.953912936,2395746.092556577,2683613.10185236,
2021-08-29,2546784.382372654,2403593.3441998726,2681776.179625133,
2021-08-30,2547864.7681092727,2415126.6820836957,2678263.731193053,
2021-08-31,2553379.131658596,2411470.1908313455,2703874.270104779,
2021-09-01,2563809.3462615632,2425343.6573672555,2711970.5059025097,
2021-09-02,2576667.134575128,2423800.230921477,2712831.9970377353,
2021-09-03,2590521.120464687,2446202.087459788,2726448.75976947,
2021-09-04,2599291.1304990626,2449905.423651387,2731733.9143286766,
2021-09-05,2604952.9110921714,2450171.7891310323,2746061.9106536196,
2021-09-06,2607233.216473352,2458252.018528077,2745980.3212634237,
2021-09-07,2614521.1396807237,2467225.2961481325,2752853.6443093778,
2021-09-08,2627275.9000992267,2476198.263291169,2767422.9676725273,
2021-09-09,2642967.1339807617,2498054.4360896857,2786836.955842984,
2021-09-10,2660102.849725712,2529607.071593044,2801157.9316286393,
2021-09-11,2672525.222332949,2520038.9900704348,2803780.679368511,
2021-09-12,2682117.3548629135,2543123.4108404773,2835915.815177683,
2021-09-13,2688500.9071105244,2552693.133046358,2830853.1698162844,
2021-09-14,2699950.3933133488,2568219.065912252,2846588.378238822,
2021-09-15,2716804.278628748,2566001.0750703667,2868678.557183821,
2021-09-16,2736408.8259826154,2588861.520323144,2876986.2739270185,
2021-09-17,2757149.7518996564,2619063.8457617043,2902239.5296262135,
2021-09-18,2772751.757188222,2641312.2093146,2915086.5231340653,
2021-09-19,2784988.9495759234,2638675.397289355,2927829.3139768536,
2021-09-20,2793385.948760857,2654654.1790544637,2944608.9256270733,
2021-09-21,2806135.3702128907,2645145.97182626,2951065.606725471,
2021-09-22,2823511.7193246232,2670108.764090129,2974982.6281243963,
2021-09-23,2842817.5596656925,2698784.3614109703,2986532.0297969584,
2021-09-24,2862416.9390268708,2721892.1658780607,3013849.703200153,
2021-09-25,2876036.079413334,2724743.06755681,3026117.2431630227,
2021-09-26,2885474.3054387234,2728571.151653764,3027914.5668874793,
2021-09-27,2890304.977382556,2744286.2615396935,3028991.348735639,
2021-09-28,2898792.120333327,2750912.5352331214,3050490.1164656575,
2021-09-29,2911302.7956993626,2758264.650400957,3060124.993356182,
2021-09-30,2925251.1128478157,2773268.153176389,3075496.350675949,
2021-10-01,2939128.9170715623,2798821.950998562,3083431.4092429774,
2021-10-02,2946803.2297072476,2805357.1653084764,3092228.7030422566,
2021-10-03,2950223.499811137,2815828.9923558948,3083759.56134871,
2021-10-04,2949118.5316036986,2804463.1613924135,3091088.7386632045,
2021-10-05,2951908.8873551926,2807659.366680383,3103579.093276325,
2021-10-06,2959114.9275562265,2810158.284259838,3107100.036198673,
2021-10-07,2968296.505789838,2825028.239680824,3118433.7539155763,
2021-10-08,2978079.4749058248,2828172.990852387,3121186.7963210093,
2021-10-09,2982449.1980836005,2842912.838877827,3130149.728666382,
2021-10-10,2983454.235990457,2835705.2850447353,3130945.1722459965,
2021-10-11,2980900.176910493,2830463.1260304665,3130116.2002611086,
2021-10-12,2983259.500125674,2826762.150297435,3129872.7118052687,
2021-10-13,2991077.710346507,2851382.100795803,3132178.339110778,
2021-10-14,3001911.819715266,2851445.2476306935,3148153.96034503,
2021-10-15,3014356.3745183316,2873454.3368235165,3154002.296052329,
2021-10-16,3022337.2409439315,2876850.6411700062,3156625.461658421,
2021-10-17,3027816.3214006084,2884124.870430286,3183068.297672368,
2021-10-18,3030487.148046978,2882424.876449339,3169560.271347782,
2021-10-19,3038687.203539615,2886702.4481686642,3181856.991834596,
2021-10-20,3052807.147515758,2917835.799581421,3195753.5974512906,
2021-10-21,3070232.9486206784,2933746.10927781,3223082.827952961,
2021-10-22,3089376.0271292725,2941178.062889817,3244104.48530996,
2021-10-23,3103971.517527334,2966064.0345899547,3255859.509586294,
2021-10-24,3115787.7075571553,2964986.740122711,3272335.357568543,
2021-10-25,3124326.478452816,2971204.285457576,3259511.689138808,
2021-10-26,3137740.4708440453,2985514.5626433603,3282796.334654606,
2021-10-27,3156247.0291247987,3010429.816775862,3300367.277218825,
2021-10-28,3177074.8015933502,3037220.363176118,3332860.371591176,
2021-10-29,3198497.985441706,3055543.8928705784,3356771.9558524257,
2021-10-30,3214138.2196463873,3078548.196384472,3361230.9781475156,
2021-10-31,3225677.0884636724,3089104.2997117643,3374100.5479415082,
2021-11-01,3232558.9814581443,3087977.8527566707,3380658.1224731877,
2021-11-02,3242909.972832015,3091984.4837217364,3389119.522250568,
2021-11-03,3256952.729817208,3119965.7926415894,3407962.633439248,
2021-11-04,3271953.3041536757,3120588.651848348,3419837.112024439,
2021-11-05,3286254.792725818,3130897.266328409,3429213.921933038,
2021-11-06,3293577.8876402727,3131047.1844492387,3425541.165907016,
2021-11-07,3295731.3153229,3149025.088729009,3442215.831665674,
2021-11-08,3292311.965950645,3137780.100362438,3447806.4847824597,
2021-11-09,3291620.4482490965,3146231.796089018,3433734.9462909866,
2021-11-10,3294072.1664706594,3158460.6847535656,3434194.3455879646,
2021-11-11,3297139.8729423424,3161841.9792872425,3440286.2957170135,
2021-11-12,3299382.7911336385,3146009.493699955,3436978.4553509224,
2021-11-13,3294742.444889882,3144169.267737276,3431860.5095412545,
2021-11-14,3285248.312067114,3147067.2023829147,3438464.638344172,
2021-11-15,3270713.2226002705,3135801.6304184003,3411378.7143789553,
2021-11-16,3259644.3516016756,3112969.6531297183,3405408.657164428,
2021-11-17,3252650.013636012,3097746.9995894963,3394235.781110088,
2021-11-18,3247378.311788589,3101146.720257581,3390065.6114941016,
2021-11-19,3242542.8250187314,3083611.0972993914,3385394.069571324,
2021-11-20,3232215.5440773624,3082361.8373515834,3379798.092573114,
2021-11-21,3218530.2331532626,3069233.0879344316,3354706.660545409,
2021-11-22,3201376.179168888,3067355.67467061,3346876.531220861,
2021-11-23,3189308.20334099,3047795.805323047,3325327.96213166,
2021-11-24,3182953.1469861213,3042195.313117954,3322100.280128746,
2021-11-25,3179948.873044176,3043440.207617261,3329768.203941578,
2021-11-26,3178970.93740741,3038160.760473039,3312665.4853502694,
2021-11-27,3174027.0948667666,3029160.480638392,3319881.092257562,
2021-11-28,3167162.7569477526,3017367.3723616074,3305686.631354618,
2021-11-29,3158157.291266608,3012020.749960421,3300712.6358143054,
2021-11-30,3155436.9546812456,3006217.9472177983,3300174.997982538,
2021-12-01,3159484.582423568,3012125.46335391,3304129.4313388965,
2021-12-02,3167781.9802100016,3021388.617437158,3313803.093184677,
2021-12-03,3178840.0771079045,3034074.8072096165,3321380.4698054316,
2021-12-04,3186496.9086828353,3050377.717868982,3337123.957547453,
2021-12-05,3192626.4561997056,3049185.398281137,3324163.877973783,
2021-12-06,3196838.146399302,3057114.6228597807,3336512.192551336,
2021-12-07,3207392.7277601673,3064621.637122202,3337371.008160932,
2021-12-08,3224614.5798652,3081005.659241347,3370614.0542934546,
2021-12-09,3245836.3497723253,3099966.183511067,3388585.6837274493,
2021-12-10,3269430.9338095924,3125771.7955815922,3416922.117190638,
2021-12-11,3289110.8495173063,3148825.2096182387,3438869.0211248794,
2021-12-12,3306638.013615226,3160224.9337572507,3450410.132947823,
2021-12-13,3321523.7354069734,3179566.3224340263,3467535.834267155,
2021-12-14,3341944.6606301777,3190411.428663575,3480888.440608239,
2021-12-15,3368154.754652546,3232901.31885872,3513503.687135302,
2021-12-16,3397429.262962908,3256719.2455472536,3532998.287025584,
2021-12-17,3428095.7214164897,3286154.237686905,3569164.031101333,
2021-12-18,3453832.122926146,3314211.136608062,3604469.614302191,
2021-12-19,3476375.3240829483,3325763.583536001,3623517.8655710667,
2021-12-20,3495219.5719217598,3355099.4479525285,3643016.7211045953,
2021-12-21,3518530.957331681,3373750.2898703446,3658001.8942541545,
2021-12-22,3546557.9536883226,3408216.347250223,3695642.259964551,
2021-12-23,3576574.0441053184,3430300.489519602,3714102.7431671107,
2021-12-24,3606907.5687404363,3459090.032933149,3746000.825318667,
2021-12-25,3631238.94933681,3496499.505115315,3781474.086676498,
2021-12-26,3651308.414776857,3499294.063546486,3800008.2455053986,
2021-12-27,3666614.1366053633,3524389.5448997538,3807481.9847424896,
2021-12-28,3685326.597246685,3541858.923683636,3842178.029577479,
2021-12-29,3707699.3526697764,3564899.813391841,3855659.6977891093,
2021-12-30,3731012.1829290814,3591049.804623746,3875669.0740579246,
2021-12-31,3753601.739258252,3605299.8612909075,3884328.4739223216,
2022-01-01,3769159.8101281,3618609.3688571504,3909551.511408168,
2022-01-02,3779442.2844640394,3632937.045495222,3914080.876062043,
2022-01-03,3783968.6661442895,3649085.8349217344,3935364.4408044154,
2022-01-04,3790937.9002979007,3630090.691796187,3937358.7119833124,
2022-01-05,3800640.605724143,3650408.977981487,3942034.1395757627,
2022-01-06,3810403.636538044,3663207.782798248,3959767.9784800145,
2022-01-07,3818622.0109553626,3670558.0370441596,3960288.891833695,
2022-01-08,3819058.2609210163,3670817.9399194806,3963944.941709534,
2022-01-09,3813552.216572128,3672918.537559157,3956854.947002337,
2022-01-10,3801721.022293989,3656167.3624410788,3945256.693890317,
2022-01-11,3791875.0964992316,3646805.4913544976,3924763.4228878818,
2022-01-12,3784430.091914994,3644051.7231165506,3937803.7252035043,
2022-01-13,3776850.7543421984,3631189.7796682334,3927540.26668298,
2022-01-14,3767681.706225532,3625158.0771766664,3917593.338828209,
2022-01-15,3750845.211478185,3610538.2063372666,3892766.969452268,
2022-01-16,3728348.952911467,3587049.428863874,3872537.971525491,
2022-01-17,3699983.650843435,3561888.739125675,3856397.0518643674,
2022-01-18,3674236.280674993,3536291.797898394,3832404.4692175607,
2022-01-19,3651699.004646254,3506120.612896877,3795973.9651112477,
2022-01-20,3630009.7854561503,3484092.941532486,3765318.6510588694,
2022-01-21,3607879.7872236907,3462868.510917179,3755585.282882352,
2022-01-22,3579387.706614253,3437593.0975483004,3726150.0695361034,
2022-01-23,3546684.1566464263,3396081.1221741573,3672948.6226533866,
2022-01-24,3509686.025068601,3368235.9296187134,3655166.979659327,
2022-01-25,3476986.6578086894,3332563.5735366545,3622079.5103707244,
2022-01-26,3449262.0720469337,3298945.0418555196,3596258.196365243,
2022-01-27,3424209.249826342,3283083.8003617665,3576218.8852232196,
2022-01-28,3400571.6922279056,3255200.690642878,3549935.5271801366,
2022-01-29,3372432.4404199664,3229590.3689592574,3510593.379853897,
2022-01-30,3341917.7364534494,3192383.3755305344,3489363.483274242,
2022-01-31,3308891.2811869932,3166119.8620931604,3459683.055296735,
2022-02-01,3281864.95917418,3137674.9444015087,3432712.7223823247,
2022-02-02,3261406.237368021,3124065.880736248,3416887.6931341053,
2022-02-03,3245078.2734652525,3104599.837086281,3394011.1023097318,
2022-02-04,3231467.881562108,3076034.672383629,3372354.4246815587,
2022-02-05,3214481.512441884,3068260.385107868,3369466.3297673874,
2022-02-06,3196052.3568647234,3050466.367610588,3336275.774459519,
